id,tit,mark,lively,wallpaper-english,rsrc,src,aut,aut-url,lic,lic-url,dl,readm
,Pixelart-campfire,True,True,,,,,,,,,
1,0x40-web,True,True,,,https://github.com/mon/0x40-web,mon,https://github.com/mon,mit,https://github.com/mon/0x40-web/blob/master/LICENSE,wget,"https://0x40.mon.im/respacks
Black Banshee - BIOS
Elenne - Vertical Smoke"
4,muser,False,,,,https://github.com/jonshamir/muser,Jon Shamir,https://jonshamir.com,mit,https://github.com/jonshamir/muser/blob/master/LICENSE.md,git,"npm install
subl package.json  
```
""start"": ""cross-env NODE_ENV..""
```
npm run start
https://github.com/jordipons/musicnn"
31,vectorfield,True,,,,https://github.com/tofuness/eex/tree/master/vectorfield,DENNIS JIN,https://dennisjin.com,mit,https://github.com/tofuness/eex/blob/master/LICENSE,git,
5,satoshi,True,,,,https://github.com/tofuness/eex/tree/master/satoshi,DENNIS JIN,https://dennisjin.com,mit,https://github.com/tofuness/eex/blob/master/LICENSE,git,
6,saturdaynight,False,,,,https://adinunz.io/saturdaynight,,,,,,
7,quarantine-club-badge-creator,False,,,,https://codepen.io/jackiezen/pen/yLJZVbr,Jackie Zen,https://codepen.io/jackiezen,,,wget,source > Comments > License
8,spiral-canvas-2,True,,,,https://codepen.io/EntropyReversed/pen/OJjMaeP,Stefan,https://codepen.io/EntropyReversed,,,wget,source > Comments > License
9,circles,True,,,,https://codepen.io/EntropyReversed/pen/YBEwXV,Stefan,https://codepen.io/EntropyReversed,,,wget,source > Comments > License
10,pixelizer,True,,,,https://codepen.io/jcoulterdesign/pen/oqPNXL,jcoulterdesign,https://codepen.io/jcoulterdesign,,,wget,source > Comments > License
11,vocssels,True,,,,https://codepen.io/jcoulterdesign/pen/vYyzZdo,jcoulterdesign,https://codepen.io/jcoulterdesign,,,wget,source > Comments > License
12,hack-a-digital-card-game,True,,,,https://codepen.io/jcoulterdesign/pen/abYNyLq,jcoulterdesign,https://codepen.io/jcoulterdesign,,,wget,source > Comments > License
13,step,True,,,,https://codepen.io/woodwoerk/pen/rxrLqa,Joe Harry,https://codepen.io/woodwoerk,,,wget,source > Comments > License
14,font-combination-generator,False,,,,https://codepen.io/knyttneve/pen/Yagovg,Mert Cukuren,https://codepen.io/knyttneve,,,wget,source > Comments > License
15,雨、時々風,True,,,,https://openprocessing.org/sketch/1330474,Taichi_K,https://openprocessing.org/user/290886,cc by-nc-sa 3.0,https://creativecommons.org/licenses/by-nc-sa/3.0,wget,
16,camera-input-to-dots2-black,False,,,,https://openprocessing.org/sketch/1396860,vonqo,https://openprocessing.org/user/230667,cc by-nc-sa 3.0,https://creativecommons.org/licenses/by-nc-sa/3.0,wget,
17,grid-chaos>order,False,,,,https://openprocessing.org/sketch/859877,Jin,https://openprocessing.org/user/78622,cc by-sa 3.0,https://creativecommons.org/licenses/by-sa/3.0,,
18,bit-patterns,True,,,,https://openprocessing.org/sketch/482981,Jason Labbe,https://openprocessing.org/user/60876,cc by-sa 3.0,https://creativecommons.org/licenses/by-sa/3.0,wget,
19,trainscape,True,,,,https://openprocessing.org/sketch/1592221,pitheorem,https://openprocessing.org/user/329032,cc by-nc-sa 3.0,https://creativecommons.org/licenses/by-nc-sa/3.0,wget,
20,stipple_cats,True,True,,,https://openprocessing.org/sketch/47364,Jim Bumgardner,https://openprocessing.org/user/1032,cc by-sa 2.0,https://creativecommons.org/licenses/by-sa/2.0,wget,
21,200714,True,,,,https://openprocessing.org/sketch/930484,Sayama,https://openprocessing.org/user/159668,cc by-nc-sa 3.0,https://creativecommons.org/licenses/by-nc-sa/3.0,,
22,210215,True,,,,https://openprocessing.org/sketch/1102267,Sayama,https://openprocessing.org/user/159668,cc by-nc-sa 3.0,https://creativecommons.org/licenses/by-nc-sa/3.0,wget,
23,ivy,False,,,,https://gitlab.com/joshavanier/ivy,josh avanier,https://avanier.studio/josh,no license,https://choosealicense.com/no-permission,git,
24,hexy,True,True,,,https://gitlab.com/joshavanier/hexy,josh avanier,https://avanier.studio/josh,no license,https://choosealicense.com/no-permission,git,
25,orrery,True,,,,https://gitlab.com/joshavanier/orrery,josh avanier,https://avanier.studio/josh,mit,https://gitlab.com/joshavanier/orrery/-/blob/master/LICENSE,git,
26,concentric,True,True,,,https://avanier.studio/concentric,josh avanier,https://avanier.studio/josh,no license,https://choosealicense.com/no-permission,,"https://avanier.studio/lab > concentric
http://../concentric/index.html#142512-f8f8f8"
27,marbles,True,,,,https://lab.avanier.studio/marbles,josh avanier,https://avanier.studio/josh,no license,https://choosealicense.com/no-permission,,"https://avanier.studio/lab > web > marbles
https://rsms.me/inter"
28,gaea,True,,,,https://github.com/nomand/Gaea,nomand,https://nomand.co/#nomand,mit,https://github.com/nomand/Gaea/blob/master/LICENSE.md,git,
29,mortem,True,,,,https://gitlab.com/joshavanier/mortem,josh avanier,https://avanier.studio/josh,mit,https://gitlab.com/joshavanier/mortem/-/blob/master/LICENSE,git,"subl mortem.js
```
d = new Date('0000-00-00T00:00:00');
```"
30,letnice,True,,,,https://github.com/nomand/Letnice,nomand,https://nomand.co/#nomand,mit,https://github.com/nomand/Letnice/blob/master/LICENSE.md,git,
